k	loglik	BIC	
50	-104152.03700887815	217965.72106795933	
100	-102990.01158571205	225312.5276122021	
