k	loglik	BIC	
50	163891.29529345268	-318120.94353670237	
100	165100.53701336804	-310868.5695859581	
