k	within_cluster_variance	explained_variance	total_variance	BIC	
50	55666.4116079713	0.7751749686008845	247598.81611736896	57978.20704133732	
100	41820.15249934833	0.8310971225342032	247598.81611736896	46434.5330257084	
