response	df	mse	r2	rmse
infection	81	0.3839948508775373	0.18511521979468792	0.619673180698937
