Loglik	BIC	N	P	K
-197.37852947736653	1625.9899449499042	94	15	2
