slength	swidth	plength	pwidth
-0.009066148187203804	-0.2451705648700286	0.4625603943158817	0.19428996106556037
-1.348871045365102	-1.4674086532013169	0.2923439692250882	0.12826138188418773
