index	stat
2	958.3979415861996
5	854.9608639468756
